[
  {
    "id": "pong-gpt",
    "title": "Pong-GPT: Generating Atari RAM Action Sequences",
    "date": "2025-05-10",
    "tags": [
      "Generative Models",
      "Reinforcement Learning",
      "PyTorch"
    ],
    "abstract": "A GPT-style model trained on Atari Pong RAM states and actions to generate plausible gameplay sequences.",
    "pdf": "files/pong-gpt-report.pdf",
    "code_url": "https://github.com/yourhandle/pong-gpt",
    "thumbnail": "https://user-images.githubusercontent.com/placeholder/pong.png",
    "hero": "",
    "details": "<p>Replace this with a few paragraphs: dataset structure (HDF5), tokenization (RAM bytes, action tokens), training setup, and evaluation.</p>"
  },
  {
    "id": "candida-hyphae",
    "title": "Candida albicans Hypha Formation (GLM)",
    "date": "2024-11-05",
    "tags": [
      "Statistics",
      "GLM",
      "Biology"
    ],
    "abstract": "Binomial GLM for hypha formation counts across treatments; contrasts for targeted comparisons.",
    "pdf": "files/candida-hyphae-report.pdf",
    "code_url": "https://github.com/yourhandle/candida-glm",
    "thumbnail": "",
    "hero": "",
    "details": "<p>Summarize design, link to code and report, and add one key figure as a hero image if desired.</p>"
  }
]